Text,Greeting,Politics
Animal,0.7621855,0.8053325
Hello,0.8543855,0.79870975
Hi,0.8465399,0.79786384
Physics,0.79073954,0.8835251
Sorry,0.81460273,0.7975576
